id;uuid;name_file;type_file;path;data_size
1;28253451-5309-4150-a4f2-837c8a39fed6;navigating Oval;Coordinator Loti Licensed;input parsing blockchains;44333
2;b25319e4-639a-4aa5-8972-126c423a021c;synthesize;24/7 PCI Consultant;Analyst Adaptive Micronesia;27882
3;c1c2c2a2-bab5-4361-ad4c-1cb561725257;niches;invoice evolve Square;Wooden Cambridgeshire Account;90205
4;7123efdc-da54-4f24-84c7-464e8d49faf4;heuristic;Chips driver 1080p;compelling Refined one-to-one;48195
5;01589339-00ba-44d4-ad2f-0e569f04ed7c;payment Investment IB;feed plum portal;Chief;71331
6;0cc62bac-5800-4747-9b2f-3c4c9442f698;Arkansas project back-end;wireless;Kroon architectures paradigms;40014
7;442d9890-8fa8-43c5-be58-eb8a9ad1d317;tangible;Shoal Ohio Optimization;Court Streets;43002
8;2d65ee51-a4b3-491a-bcfb-4fc2b41769b1;Peso;bypassing;Account Metal;81561
9;85087913-7b6d-4e71-b0c0-45f8d9f56039;proactive;platforms;foreground;57631
10;1f32c638-75a0-4be7-bfb0-4ee31d5e0428;Generic compress;withdrawal Ruble;Garden Dynamic;99841
