id;uuid;group_name;add_by
1;ad45b5b2-d96a-4a7f-8b7d-528e851d2fd2;Concrete;object-oriented National
2;2b9d1769-fd3c-483b-bf64-bcd645ce2f2b;Table;Sausages functionalities
3;c5d2b410-3f98-4a80-a7c1-d50d77bd9ddc;Analyst;Wooden Iowa
4;1c7075a0-006d-45aa-86d0-dcd2521ea671;CSS Licensed;Implemented Legacy salmon
5;7144c06a-0330-41d7-afc2-373ec0b68fe0;Oman Berkshire invoice;enable systematic
6;d8248dda-c1e0-4c30-82cc-0a60f30f5782;pixel Cuban;transitional Rubber Towels
7;721c4d2a-4e29-4780-b4c6-d09fd1d44774;Avon haptic transmit;Paradigm synthesize
8;ea553350-2304-4950-8e15-dc2fd3669b0a;Triple-buffered virtual;solid application e-markets
9;b47f3fbb-040a-4ec7-b475-0fd069fe0cbf;payment;calculate Consultant indexing
10;14256a51-2968-4905-984d-97c8963854ca;Stravenue Refined Fantastic;Tasty Plastic
