id;uuid;title;content
1;edc5dda7-f8d9-45a1-a5c3-053108a07c50;Phased Missouri JSON;../fake-data/blob/hipster.txt
2;6b8eed98-8821-4026-ad13-4c604f87dd37;throughput;../fake-data/blob/hipster.txt
3;6a740ee9-802c-468c-afc4-698afb2ac69f;neural;../fake-data/blob/hipster.txt
4;b80845dd-7aad-438f-81f0-76367d4247cb;Granite;../fake-data/blob/hipster.txt
5;2c329d52-504c-4eae-8a5a-8abac986516a;Tuna Berkshire Stand-alone;../fake-data/blob/hipster.txt
6;c575ea24-b76f-4cc9-9760-dc74011566c6;Bedfordshire;../fake-data/blob/hipster.txt
7;f946fc96-49f5-46f8-8adf-c26a08353c9f;Pound Berkshire Rhode;../fake-data/blob/hipster.txt
8;aaa17488-f841-4ba9-ba92-2c8aae80d57a;invoice Tools navigating;../fake-data/blob/hipster.txt
9;04a45725-a652-4c8e-95a3-50b40f1a1ab8;parsing;../fake-data/blob/hipster.txt
10;b8a8a579-20b0-4ca3-97ac-cc0db848af8f;virtual;../fake-data/blob/hipster.txt
